{
  "storage": {
    "bucket": "growgram-backend.appspot.com"
  },
  "jwt": {
    "secret": "ein_langer_random_secret",
    "expires": "15m"
  },
  "sendgrid": {
    "apikey": "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",
    "template": {
      "verify": "d-xxxx"
    },
    "key": "SG_..."
  },
  "app": {
    "redirecturl": "/verified",
    "baseurl": "https://growgram-backend.web.app"
  },
  "email": {
    "from": "ceo@growgram-app.com"
  },
  "verification": {
    "url": "http://localhost:3000/verify?token="
  }
}
