{
  "functions": [
    {
      "source": "functions",
      "codebase": "default",
      "ignore": ["node_modules", ".git", "firebase-debug.log", "firebase-debug.*.log", "*.local"],
      "predeploy": ["npm --prefix \"$RESOURCE_DIR\" run build"]
    }
  ],
  "hosting": {
    "public": "functions/dist/public",
    "ignore": ["firebase.json", "**/.*", "**/node_modules/**"],
    "rewrites": [
      { "source": "/api{,/**}",   "function": "api" },
      { "source": "/auth{,/**}",  "function": "api" },
      { "source": "/feed{,/**}",  "function": "api" },
      { "source": "/admin{,/**}", "function": "api" },   
      { "source": "/verify-email","function": "api" }
    ]
  },
  "firestore": {
    "rules": "firestore.rules",
    "indexes": "firestore.indexes.json"
  },
  "storage": {
    "rules": "storage.rules"
  }

}