{
  "indexes": [
    {
      "collectionGroup": "posts",
      "queryScope": "COLLECTION",
      "fields": [
        { "fieldPath": "visibility", "order": "ASCENDING" },
        { "fieldPath": "deleted",    "order": "ASCENDING" },
        { "fieldPath": "score",      "order": "DESCENDING" },
        { "fieldPath": "createdAt",  "order": "DESCENDING" }
      ]
    },
    {
      "collectionGroup": "posts",
      "queryScope": "COLLECTION",
      "fields": [
        { "fieldPath": "visibility", "order": "ASCENDING" },
        { "fieldPath": "createdAt",  "order": "DESCENDING" }
      ]
    },
    {
      "collectionGroup": "posts",
      "queryScope": "COLLECTION",
      "fields": [
        { "fieldPath": "visibility",      "order": "ASCENDING" },
        { "fieldPath": "keywordPrefixes", "arrayConfig": "CONTAINS" },
        { "fieldPath": "createdAt",       "order": "DESCENDING" }
      ]
    },
    {
      "collectionGroup": "posts",
      "queryScope": "COLLECTION",
      "fields": [
        { "fieldPath": "visibility", "order": "ASCENDING" },
        { "fieldPath": "tagsLower",  "arrayConfig": "CONTAINS" },
        { "fieldPath": "createdAt",  "order": "DESCENDING" }
      ]
    },
    {
      "collectionGroup": "posts",
      "queryScope": "COLLECTION",
      "fields": [
        { "fieldPath": "visibility", "order": "ASCENDING" },
        { "fieldPath": "keywords",   "arrayConfig": "CONTAINS" },
        { "fieldPath": "createdAt",  "order": "DESCENDING" }
      ]
    },
    {
      "collectionGroup": "posts",
      "queryScope": "COLLECTION",
      "fields": [
        { "fieldPath": "authorId",  "order": "ASCENDING" },
        { "fieldPath": "createdAt", "order": "DESCENDING" }
      ]
    },
    {
      "collectionGroup": "posts",
      "queryScope": "COLLECTION",
      "fields": [
        { "fieldPath": "authorId",   "order": "ASCENDING" },
        { "fieldPath": "visibility", "order": "ASCENDING" },
        { "fieldPath": "createdAt",  "order": "DESCENDING" }
      ]
    },

    {
      "collectionGroup": "chats",
      "queryScope": "COLLECTION",
      "fields": [
        { "fieldPath": "members",   "arrayConfig": "CONTAINS" },
        { "fieldPath": "updatedAt", "order": "DESCENDING" }
      ]
    },
    {
      "collectionGroup": "chats",
      "queryScope": "COLLECTION",
      "fields": [
        { "fieldPath": "membersKey", "order": "ASCENDING" },
        { "fieldPath": "updatedAt",  "order": "DESCENDING" }
      ]
    },

    {
      "collectionGroup": "messages",
      "queryScope": "COLLECTION",
      "fields": [
        { "fieldPath": "chatId",    "order": "ASCENDING" },
        { "fieldPath": "createdAt", "order": "DESCENDING" }
      ]
    }
  ],
  "fieldOverrides": [
    { "collectionGroup": "posts", "fieldPath": "keywordPrefixes", "indexes": [] }
  ]
}